job_id,title,company,location,salary_min,salary_max,salary_type,work_model,contract_type,experience_years_min,experience_status,junior_type,source,url
1005006255,Junior Power BI / FP&A Analyst,NESS SOLUTION sp. z o.o.,Cała Polska,,,,Remote,B2B,,Required,Junior,Pracuj.pl,"https://www.pracuj.pl/praca/junior-power-bi-fp-a-analyst-warszawa,oferta,1005006255"
1005066144,Młodszy Specjalista ds. rozliczeń i analiz systemów premiowych,PKO Leasing S.A.,Warszawa,,,,Hybrid,Umowa o pracę,0,Not required,Junior,Pracuj.pl,"https://www.pracuj.pl/praca/mlodszy-specjalista-ds-rozliczen-i-analiz-systemow-premiowych-warszawa-chlodna-52,oferta,1005066144"
1005028426,Młodszy Analityk / Młodsza Analityczka,Grupa PSB Handel S.A.,Warszawa,,,,Office,Umowa o pracę,1,Required,Junior,Pracuj.pl,"https://www.pracuj.pl/praca/mlodszy-analityk-mlodsza-analityczka-warszawa-zytomierska-5,oferta,1005028426"
1005062489,Młodszy Analityk Finansowy,Centrala Farmaceutyczna Cefarm S A,Warszawa,6000,8000,gross,Office,Umowa o pracę / umowa zlecenie,,Unknown,Junior,Pracuj.pl,"https://www.pracuj.pl/praca/mlodszy-analityk-finansowy-warszawa-jana-kazimierza-16,oferta,1005062489"
1005064257,Młodszy Administrator ERP / Młodszy Analityk Danych - Radius (K/M),FORMIKA SP. Z O.O.,Brwinów,,,,Hybrid,Umowa o pracę,,Required,Junior,Pracuj.pl,"https://www.pracuj.pl/praca/mlodszy-administrator-erp-mlodszy-analityk-danych-radius-k-m-brwinow,oferta,1005064257"
1005028285,Junior Finance Analyst,LeasingTeam Professional,Warszawa,8500,9200,gross,Office,Umowa o pracę,0,Not required,Junior,Pracuj.pl,"https://www.pracuj.pl/praca/junior-finance-analyst-warszawa,oferta,1005028285"
1005066497,Junior Analyst (M/F/D),DSV GBS,Warszawa,,,,Hybrid,Umowa o pracę,,Required,Junior,Pracuj.pl,"https://www.pracuj.pl/praca/junior-analyst-m-f-d-warszawa-tasmowa-10,oferta,1005066497"
1005024215,Młodszy Analityk ds. Dory i Outsourcingu (k/m/d),Generali,Warszawa,,,,Hybrid,Umowa zlecenie,0,Not required,Junior,Pracuj.pl,"https://www.pracuj.pl/praca/mlodszy-analityk-ds-dory-i-outsourcingu-k-m-d-warszawa-senatorska-18,oferta,1005024215"
1005054518,Junior Business Analyst,Netcredit,Warszawa,,,,Hybrid,Umowa o pracę,0,Not required,Junior,Pracuj.pl,"https://www.pracuj.pl/praca/junior-business-analyst-warszawa-grzybowska-87,oferta,1005054518"
1005047227,Młodszy Analityk Finansowy / Młodsza Analityczka Finansowa,Randstad Polska Sp. z o.o.,Warszawa,,,,Office,Umowa o pracę tymczasową,0,Not required,Junior,Pracuj.pl,"https://www.pracuj.pl/praca/mlodszy-analityk-finansowy-mlodsza-analityczka-finansowa-warszawa,oferta,1005047227"
1005034978,Młodszy specjalista / Młodsza specjalistka ds. analizy danych,PharmaWay,Kraków,7000,8000,gross,Office,Umowa o pracę,0,Not required,Junior,Pracuj.pl,"https://www.pracuj.pl/praca/mlodszy-specjalista-mlodsza-specjalistka-ds-analizy-danych-krakow,oferta,1005034978"
1005052965,Junior Group Purchasing Data Analyst (M/F/X),Eurofins GSC Poland Sp. z o. o.,Katowice,,,,Hybrid,Umowa o pracę,0,Not required,Junior,Pracuj.pl,"https://www.pracuj.pl/praca/junior-group-purchasing-data-analyst-m-f-x-katowice-ksiedza-piotra-sciegiennego-3,oferta,1005052965"
1005025988,Junior BI Developer / Reporting Specialist,British American Tobacco,Warszawa,,,,Hybrid,Umowa o pracę,0,Not required,Junior,Pracuj.pl,"https://www.pracuj.pl/praca/junior-bi-developer-reporting-specialist-warszawa-krakowiakow-48,oferta,1005025988"
1005061557,Junior Growth Analyst,CANAL+ Polska S.A.,Warszawa,,,,Hybrid,Umowa o pracę,1,Required,Junior,Pracuj.pl,"https://www.pracuj.pl/praca/junior-growth-analyst-warszawa,oferta,1005061557"
1005004451,Młodszy Specjalista / Młodsza Specjalistka ds. raportowania i analizy danych,Cursor S.A.,Warszawa,,,,Hybrid,Umowa zlecenie / B2B,0,Not required,Junior,Pracuj.pl,"https://www.pracuj.pl/praca/mlodszy-specjalista-mlodsza-specjalistka-ds-raportowania-i-analizy-danych-warszawa-rownolegla-4a,oferta,1005004451"
1005048198,Młodszy Specjalista / Specjalista ds. Analiz i Raportowania,ORLEN S.A.,Warszawa,,,,Office,Umowa o pracę,2,Required,Junior,Pracuj.pl,"https://www.pracuj.pl/praca/mlodszy-specjalista-specjalista-ds-analiz-i-raportowania-k-m-umowa-na-czas-okres-warszawa-bielanska-12,oferta,1005048198"
1005024189,Młodszy Analityk / Młodsza Analityczka ds. Planowania i Alokacji Towaru,SMYK sp. z o.o.,Warszawa,,,,Office,Umowa o pracę,,Required,Junior,Pracuj.pl,"https://www.pracuj.pl/praca/mlodszy-analityk-mlodsza-analityczka-ds-planowania-i-alokacji-towaru-warszawa-domaniewska-48,oferta,1005024189"
1005025334,Młodszy Kontroler Finansowy (k/m),LINK Sp. z o.o.,Warszawa,,,,Hybrid,Umowa o pracę,0,Not required,Junior,Pracuj.pl,"https://www.pracuj.pl/praca/mlodszy-kontroler-finansowy-k-m-warszawa,oferta,1005025334"
1005050931,Młodszy Analityk ds. Kontrolingu Komercyjnego (K/M),Grupa Maspex,Warszawa,,,,Office,Umowa na zastępstwo,1,Required,Junior,Pracuj.pl,"https://www.pracuj.pl/praca/mlodszy-analityk-ds-kontrolingu-komercyjnego-k-m-warszawa-bobrowiecka-8,oferta,1005050931"
1005003582,Junior Data Quality Analyst (M/F/D),DSV GBS,Warszawa,,,,Hybrid,Umowa o pracę,,Required,Junior,Pracuj.pl,"https://www.pracuj.pl/praca/junior-data-quality-analyst-m-f-d-warszawa-tasmowa-10,oferta,1005003582"
1005014508,Młodszy / Młodsza Analityk / Analityczka E-Commerce i CRM,CASTORAMA POLSKA,Warszawa,,,,Hybrid,Umowa o pracę,1,Required,Junior,Pracuj.pl,"https://www.pracuj.pl/praca/mlodszy-mlodsza-analityk-analityczka-e-commerce-i-crm-warszawa-krakowiakow-78,oferta,1005014508"
1005007950,Młodszy Analityk finansowy / Młodsza Analityczka finansowa,SANOS GROUP sp. z o.o.,Warszawa,7000,8000,gross,Hybrid,Umowa o pracę / umowa zlecenie,,Unknown,Junior,Pracuj.pl,"https://www.pracuj.pl/praca/mlodszy-analityk-finansowy-mlodsza-analityczka-finansowa-warszawa,oferta,1005007950"
1005032367,Młodszy specjalista ds. analiz finansowych (k/m),Aluprof SA,Bielsko-Biała,,,,Office,Umowa o pracę,2,Required,Junior,Pracuj.pl,"https://www.pracuj.pl/praca/mlodszy-specjalista-ds-analiz-finansowych-k-m-bielsko-biala,oferta,1005032367"
1005041158,Młodszy / Starszy Specjalista ds. Strategii i Projektów (obszar analiz biznesowych),MPWiK Warszawa,Warszawa,5800,8000,gross,Office,Umowa o pracę,1,Required,Junior,Pracuj.pl,"https://www.pracuj.pl/praca/mlodsza-starsza-specjalistka-mlodszy-starszy-specjalista-ds-strategii-i-projekto-warszawa-czerniakowska-124,oferta,1005041158"
1005039372,Młodszy Analityk / Młodsza Analityczka w Dziale Łańcucha Dostaw,Lilou Sp. z o.o.,Warszawa,,,,Office,Umowa o pracę / umowa zlecenie,0,Not required,Junior,Pracuj.pl,"https://www.pracuj.pl/praca/mlodszy-analityk-mlodsza-analityczka-w-dziale-lancucha-dostaw-warszawa-jozefa-lewartowskiego-6,oferta,1005039372"
1005045386,Młodszy_a Specjalista_ka ds. Portfolio Management (Real Estate & Energy),ING Bank Śląski S.A.,Warszawa,,,,Hybrid,Umowa zlecenie,0,Not required,Junior,Pracuj.pl,"https://www.pracuj.pl/praca/mlodszy-a-specjalista-ka-ds-portfolio-management-real-estate-energy-warszawa-pulawska-2,oferta,1005045386"
1005003516,Specjalista / Specjalistka ds. Kontrolingu (K/M),STYROBUD B.T.K. Radomscy Sp.j.,Trzeboś (pow. rzeszowski),,,,Office,Umowa o pracę,2,Required,Junior,Pracuj.pl,"https://www.pracuj.pl/praca/specjalista-specjalistka-ds-kontrolingu-k-m-trzebos-pow-rzeszowski-gorna-194,oferta,1005003516"
1005032399,Młodszy/a Kontroler/ka Finansowy/a,Polskie ePłatności sp. z o.o.,Rzeszów,,,,Hybrid,Umowa na zastępstwo,1,Required,Junior,Pracuj.pl,"https://www.pracuj.pl/praca/mlodszy-a-kontroler-ka-finansowy-a-rzeszow,oferta,1005032399"
1005031204,Młodszy/a Analityk/czka ds. Kontroli Asortymentu,Empik S.A.,Warszawa,,,,Hybrid,Umowa zlecenie,0,Not required,Junior,Pracuj.pl,"https://www.pracuj.pl/praca/mlodszy-a-analityk-czka-ds-kontroli-asortymentu-warszawa-marszalkowska-104-122,oferta,1005031204"
1005033967,Junior Financial Controller,x-kom sp. z o.o.,Kraków,,,,Hybrid,Umowa o pracę,,Required,Junior,Pracuj.pl,"https://www.pracuj.pl/praca/junior-financial-controller-krakow,oferta,1005033967"
1005016275,Młodszy analityk finansowy / Młodsza analityczka finansowa,Sii Sp. z o.o.,Lublin,,,,Hybrid,Umowa o pracę,0,Not required,Junior,Pracuj.pl,"https://www.pracuj.pl/praca/mlodszy-analityk-finansowy-mlodsza-analityczka-finansowa-f-m-x-f-m-x-lublin-tadeusza-szeligowskiego-6b,oferta,1005016275"
1005047206,Młodszy Analityk Przetwarzania Danych,UPVANTA SP. Z O.O.,Wrocław,,,,Hybrid,B2B,2,Required,Junior,Pracuj.pl,"https://www.pracuj.pl/praca/mlodszy-analityk-przetwarzania-danych-m-k-n-wroclaw-legnicka-70,oferta,1005047206"
1005032418,Młodszy Specjalista / Młodsza Specjalista w Zespole Skarbu,PEKAO LEASING SP. Z O.O.,Warszawa,,,,Hybrid,Umowa o pracę,,Required,Junior,Pracuj.pl,"https://www.pracuj.pl/praca/mlodszy-specjalista-mlodsza-specjalista-w-zespole-skarbu-warszawa-zubra-1,oferta,1005032418"
1005053478,Junior Data Analyst,Edge One Solutions Sp. z o.o.,Wrocław,,,,Hybrid,B2B,2,Required,Junior,Pracuj.pl,"https://www.pracuj.pl/praca/junior-data-analyst-wroclaw,oferta,1005053478"
1005066960,Młodszy Analityk,ROCKBRIDGE Towarzystwo Funduszy Inwestycyjnych S.A.,Warszawa,,,,Office,Umowa o pracę,0,Not required,Junior,Pracuj.pl,"https://www.pracuj.pl/praca/mlodszy-analityk-warszawa-marszalkowska-142,oferta,1005066960"
1005009217,Junior Data Migration Specialist,BiModal Solutions Sp. z o.o.,Kraków,5880,6384,gross,Hybrid,Umowa zlecenie,1,Required,Junior,Pracuj.pl,"https://www.pracuj.pl/praca/junior-data-migration-specialist-krakow-wielicka-20,oferta,1005009217"
1004986387,Młodszy Specjalista / Młodsza Specjalistka ds. przetwarzania danych i raportowania,CREDITEXPRESS INKASSO Poland Sp. z o.o.,Wrocław,,,,Hybrid,Umowa o pracę,1,Required,Junior,Pracuj.pl,"https://www.pracuj.pl/praca/mlodszy-specjalista-mlodsza-specjalistka-ds-przetwarzania-danych-i-raportowania-wroclaw-raclawicka-2,oferta,1004986387"
1005012986,Młodszy Analityk (k/m/x),UPS,Cała Polska,,,,Remote,Umowa o pracę,0,Not required,Junior,Pracuj.pl,"https://www.pracuj.pl/praca/mlodszy-analityk-k-m-x-lodz-wolczanska-178,oferta,1005012986"
1005053642,Junior Portfolio Analyst,B2 Impact S.A.,Wrocław,,,,Hybrid,Umowa o pracę,0,Not required,Junior,Pracuj.pl,"https://www.pracuj.pl/praca/junior-portfolio-analyst-wroclaw-szczytnicka-11,oferta,1005053642"
1005026369,Młodszy Specjalista ds. Zarządzania Danymi Przetworzonymi,MEWO S.A.,Straszyn,6500,7200,gross,Office,Umowa o pracę,0,Not required,Junior,Pracuj.pl,"https://www.pracuj.pl/praca/mlodszy-specjalista-ds-zarzadzania-danymi-przetworzonymi-k-m-straszyn-pow-gdanski-starogardzka-17a,oferta,1005026369"
1005055264,Młodszy Analityk ds. Kontrolingu Makroregionu,Biedronka (Jeronimo Martins Polska S.A.),Kostrzyn,,,,Office,Umowa o pracę,0,Not required,Junior,Pracuj.pl,"https://www.pracuj.pl/praca/mlodszy-analityk-ds-kontrolingu-makroregionu-m-k-kostrzyn,oferta,1005055264"
1005057722,Młodszy Specjalista / Młodsza Specjalistka ds. Analiz,SOBOTA JACHIRA KANCELARIA PRAWNA SPÓŁKA KOMANDYTOWA,Wrocław,5712,5712,gross,Office,Umowa zlecenie,0,Not required,Junior,Pracuj.pl,"https://www.pracuj.pl/praca/mlodszy-specjalista-mlodsza-specjalistka-ds-analiz-wroclaw,oferta,1005057722"
1005020485,Młodszy Analityk / Młodsza Analityczka ds. wyceny portfeli wierzytelności,MGW Corporate Consulting Group Sp. z o.o.,Cała Polska,,,,Remote,Umowa o pracę / umowa zlecenie,0,Not required,Junior,Pracuj.pl,"https://www.pracuj.pl/praca/mlodszy-analityk-mlodsza-analityczka-ds-wyceny-portfeli-wierzytelnosci-warszawa-aleja-jana-pawla-ii-25,oferta,1005020485"
1005012188,Junior Credit Risk Analyst (M/K),Manpower,Warszawa,,,,Office,B2B,0,Not required,Junior,Pracuj.pl,"https://www.pracuj.pl/praca/junior-credit-risk-analyst-m-k-warszawa,oferta,1005012188"
1005025270,Młodszy/a specjalista/tka ds. planowania zakupów,WK Sp. z o.o.,Janki,,,,Office,Umowa o pracę / umowa zlecenie / B2B,0,Not required,Junior,Pracuj.pl,"https://www.pracuj.pl/praca/mlodszy-a-specjalista-tka-ds-planowania-zakupow-janki-pow-pruszkowski,oferta,1005025270"
1005021819,Junior R Developer,HANDEN Sp. z o.o.,Warszawa,,,,Hybrid / Remote,B2B,0,Not required,Junior,Pracuj.pl,"https://www.pracuj.pl/praca/junior-r-developer-warszawa-domaniewska-37,oferta,1005021819"
1005012954,Junior Treasury Analyst (M/F/X),Eurofins GSC Poland Sp. z o. o.,Katowice,,,,Hybrid,Umowa o pracę,0,Not required,Junior,Pracuj.pl,"https://www.pracuj.pl/praca/junior-treasury-analyst-m-f-x-katowice-ksiedza-piotra-sciegiennego-3,oferta,1005012954"
1005045555,Junior Category Manager (he/she/they),LITE E-COMMERCE sp. z o.o.,Cała Polska,,,,Remote,Umowa o pracę,,Required,Junior,Pracuj.pl,"https://www.pracuj.pl/praca/junior-category-manager-he-she-they-warszawa-aleje-jerozolimskie-44,oferta,1005045555"
1005039548,Młodszy Analityk Działu Wynajmu (k/m),SKY ESTATE SP. Z O.O.,Warszawa,7400,8400,gross,Office,Umowa o pracę,0,Not required,Junior,Pracuj.pl,"https://www.pracuj.pl/praca/mlodszy-analityk-dzialu-wynajmu-k-m-warszawa-krucza-16-22,oferta,1005039548"
1005052323,Junior Financial Analyst,BESIDES FINANCE sp. z o.o.,Poznań,5376,6720,gross,Remote,Umowa zlecenie,,Required,Junior,Pracuj.pl,"https://www.pracuj.pl/praca/junior-financial-analyst-poznan,oferta,1005052323"
1005058547,Młodsza Specjalistka/Młodszy Specjalista ds. Budżetowania i Raportowania,BNP Paribas Bank Polska SA,Warszawa,,,,Hybrid,Umowa na zastępstwo,0,Not required,Junior,Pracuj.pl,"https://www.pracuj.pl/praca/mlodsza-specjalistka-mlodszy-specjalista-ds-budzetowania-i-raportowania-warszawa,oferta,1005058547"
1005019310,Junior Category Manager,ARCHITYPE sp. z o.o.,Grzędy (pow. piaseczyński),,,,Office,Umowa o pracę,2,Required,Junior,Pracuj.pl,"https://www.pracuj.pl/praca/junior-category-manager-grzedy-pow-piaseczynski-aleja-krakowska-64,oferta,1005019310"
1005051894,Młodszy/a Specjalista/tka ds. Wdrożeń Systemów ERP,Unisoft Sp. z o.o.,Wrocław,6000,8000,gross,Office / Hybrid,Umowa o pracę / umowa zlecenie,0,Not required,Junior,Pracuj.pl,"https://www.pracuj.pl/praca/mlodszy-a-specjalista-tka-ds-wdrozen-systemow-erp-wroclaw,oferta,1005051894"
1005007975,Młodszy specjalista ds. rozwoju aplikacji mobilnych (k/m) MODIVO PLATFORM,MODIVO PLATFORM,Warszawa,,,,Hybrid,Umowa o pracę,,Required,Junior,Pracuj.pl,"https://www.pracuj.pl/praca/mlodszy-specjalista-ds-rozwoju-aplikacji-mobilnych-k-m-modivo-platform-warszawa-plac-marszalka-jozefa-pilsudskiego-1,oferta,1005007975"
1005047120,Młodszy analityk ds. transportowych i prognoz ruchu,CONSULTANTS UNITED sp. z o.o.,Warszawa,,,,Hybrid,Umowa o pracę / umowa zlecenie,0,Not required,Junior,Pracuj.pl,"https://www.pracuj.pl/praca/mlodszy-analityk-ds-transportowych-i-prognoz-ruchu-warszawa-lucka-2-4-6,oferta,1005047120"
1005005427,Młodszy/ Specjalista ds. analiz i raportowania (m/k),Mitsui High-tec (Europe) sp. z o.o.,Skarbimierz-Osiedle,,,,Office,Umowa o pracę,,Required,Junior,Pracuj.pl,"https://www.pracuj.pl/praca/mlodszy-specjalista-ds-analiz-i-raportowania-m-k-skarbimierz-osiedle-technologiczna-1,oferta,1005005427"
1005006329,Młodszy Analityk / Młodsza Analityczka,Bocian Finanse,Śrem,5000,5000,gross,Office,Umowa o pracę,0,Not required,Junior,Pracuj.pl,"https://www.pracuj.pl/praca/mlodszy-analityk-mlodsza-analityczka-srem,oferta,1005006329"
1005045658,Młodszy Specjalista ds. Łańcucha Dostaw Makroregionu (m/k),Biedronka (Jeronimo Martins Polska S.A.),Modlnica (pow. krakowski),,,,Office,Umowa o pracę,0,Not required,Junior,Pracuj.pl,"https://www.pracuj.pl/praca/mlodszy-specjalista-ds-lancucha-dostaw-makroregionu-m-k-modlnica-pow-krakowski-podchruscie-9,oferta,1005045658"
1005016107,Junior Product Category Owner,Entire M sp. z o.o.,Wrocław,,,,Hybrid,Umowa o pracę,1,Required,Junior,Pracuj.pl,"https://www.pracuj.pl/praca/junior-product-category-owner-wroclaw,oferta,1005016107"
1005016925,Młodszy Specjalista ds. Produktu E-commerce (m/k),Primagran Sp. z o.o.,Gdańsk,5000,7000,gross,Office / Hybrid,Umowa o pracę / umowa zlecenie / B2B,,Required,Junior,Pracuj.pl,"https://www.pracuj.pl/praca/mlodszy-specjalista-ds-produktu-e-commerce-m-k-gdansk-aleja-grunwaldzka-472b,oferta,1005016925"
1005022305,Junior Omnichannel Sales Specialist,LPP S.A.,Gdańsk,,,,Office,Umowa o pracę,,Required,Junior,Pracuj.pl,"https://www.pracuj.pl/praca/junior-omnichannel-sales-specialist-gdansk,oferta,1005022305"
1005026949,Młodszy Specjalista / Młodsza Specjalistka ds. Zakupów,AMGS GROUP Jerz i Gigołło Sp. Komandytowa,Gdańsk,7500,10000,gross,Office / Hybrid,Umowa o pracę / B2B,0,Not required,Junior,Pracuj.pl,"https://www.pracuj.pl/praca/mlodszy-specjalista-mlodsza-specjalistka-ds-zakupow-gdansk-aleja-generala-jozefa-hallera-134,oferta,1005026949"
1005041145,Młodszy Specjalista / Młodsza Specjalistka ds. Produktu,Grupa Amica,Poznań,,,,Office / Hybrid,Umowa o pracę,1,Required,Junior,Pracuj.pl,"https://www.pracuj.pl/praca/mlodszy-specjalista-mlodsza-specjalistka-ds-produktu-poznan-bulgarska-17,oferta,1005041145"
1005024808,Konsultant / Konsultantka BI (Business Intelligence),DATIO Sp. z o.o.,Katowice,,,,Office / Hybrid,Umowa o pracę / umowa zlecenie,0,Not required,Junior,Pracuj.pl,"https://www.pracuj.pl/praca/konsultant-konsultantka-bi-business-intelligence-katowice,oferta,1005024808"
1005065237,Koordynator/-ka ds. Analiz i Efektywności Programów Zaangażowania Konsumentów,JTI Polska sp. z o.o.,Warszawa,,,,Hybrid,Umowa o pracę,1,Required,Junior,Pracuj.pl,"https://www.pracuj.pl/praca/koordynator-ka-ds-analiz-i-efektywnosci-programow-zaangazowania-konsumentow-warszawa,oferta,1005065237"
1005063544,Junior Finance & Investment Specialist,Grafton Recruitment,Warszawa,,,,Hybrid,Umowa o pracę,0.5,Required,Junior,Pracuj.pl,"https://www.pracuj.pl/praca/junior-finance-investment-specialist-warszawa,oferta,1005063544"
1005061980,Asystent/ka ds. controllingu,TESKO STEEL sp. z o.o.,Rybnik,,,,Office,Umowa o pracę,0,Not required,Junior,Pracuj.pl,"https://www.pracuj.pl/praca/asystent-ka-ds-controllingu-rybnik-brzezinska-8a,oferta,1005061980"
1005024397,Młodszy specjalista ds. finansów i kontrolingu (k/m),Aluprof SA,Bielsko-Biała,,,,Office,Umowa o pracę,2,Required,Junior,Pracuj.pl,"https://www.pracuj.pl/praca/mlodszy-specjalista-ds-finansow-i-kontrolingu-k-m-bielsko-biala,oferta,1005024397"
1005067303,Młodszy Specjalista GIS i Zarządzania Danymi (k/m/x),CDM SMITH CONSULTING SP. Z O.O.,Warszawa,,,,Hybrid,Umowa o pracę,2,Required,Junior,Pracuj.pl,"https://www.pracuj.pl/praca/mlodszy-specjalista-gis-i-zarzadzania-danymi-k-m-x-warszawa,oferta,1005067303"
1005061846,Specjalista / Specjalistka ds. Wycen i Obsługi Portfela (Energia/Gaz),Enefit Sp. z o.o.,Warszawa,,,,Hybrid,Umowa o pracę,2,Required,Junior,Pracuj.pl,"https://www.pracuj.pl/praca/specjalista-specjalistka-ds-wycen-i-obslugi-portfela-energia-gaz-warszawa-mokotowska-1,oferta,1005061846"
1005050550,Junior Reports Developer,AkzoNobel Car Refinishes Polska Sp. z o.o.,Warszawa,,,,Hybrid,Umowa o pracę,1,Required,Junior,Pracuj.pl,"https://www.pracuj.pl/praca/junior-reports-developer-warszawa,oferta,1005050550"
1005060068,Młodsza specjalistka / Młodszy specjalista ds. premiowania,PKO Bank Polski SA,Warszawa,,,,Hybrid,Umowa o pracę,0,Not required,Junior,Pracuj.pl,"https://www.pracuj.pl/praca/mlodsza-specjalistka-mlodszy-specjalista-ds-premiowania-warszawa-swietokrzyska-36,oferta,1005060068"
1005061031,Młodszy specjalista / Młodsza specjalistka ds. rachunkowości zarządczej,SGB-BANK S.A.,Poznań,,,,Hybrid,Umowa o pracę,,Required,Junior,Pracuj.pl,"https://www.pracuj.pl/praca/mlodszy-specjalista-mlodsza-specjalistka-ds-rachunkowosci-zarzadczej-poznan,oferta,1005061031"
1005046952,Analityk Danych (f/m/x),B2B.NET S.A.,Wrocław,5880,7560,net_b2b,Hybrid,B2B,2,Required,Junior,Pracuj.pl,"https://www.pracuj.pl/praca/analityk-danych-f-m-x-wroclaw,oferta,1005046952"
1005046246,Analityk / Analityczka przetwarzania danych,HIBERUS POLAND SP. Z O.O.,Wrocław,9000,10080,net_b2b,Hybrid,B2B,2,Required,Junior,Pracuj.pl,"https://www.pracuj.pl/praca/analityk-analityczka-przetwarzania-danych-wroclaw-plac-teatralny-1,oferta,1005046246"
1005011528,Analityk danych / Analityczka danych,Szkoła Główna Handlowa w Warszawie,Warszawa,,,,Office / Hybrid,Umowa o pracę,2,Required,Junior,Pracuj.pl,"https://www.pracuj.pl/praca/analityk-danych-analityczka-danych-warszawa-aleja-niepodleglosci-162,oferta,1005011528"
1005032402,Analityk Finansowy (K/M),RENTERS sp. z o.o.,Warszawa,,,,Hybrid,Umowa o pracę / B2B,2,Required,Junior,Pracuj.pl,"https://www.pracuj.pl/praca/analityk-finansowy-k-m-warszawa,oferta,1005032402"
1005037468,Młodszy Specjalista ds. Rozwoju Procesów Logistycznych (k/m),Media Expert,Łódź,,,,Office,Umowa o pracę,0,Not required,Junior,Pracuj.pl,"https://www.pracuj.pl/praca/mlodszy-specjalista-ds-rozwoju-procesow-logistycznych-k-m-lodz,oferta,1005037468"
1005013384,Data Analyst,LPP S.A.,Gdańsk,,,,Office / Hybrid,Umowa o pracę,,Required,Junior,Pracuj.pl,"https://www.pracuj.pl/praca/data-analyst-gdansk,oferta,1005013384"
1005030652,Młodszy specjalista ds. rozliczeń (K/M/X),E.ON Polska IT Support Sp. z o.o.,Warszawa,,,,Hybrid,Umowa o pracę,1,Required,Junior,Pracuj.pl,"https://www.pracuj.pl/praca/mlodszy-specjalista-ds-rozliczen-k-m-x-warszawa-piekna-46,oferta,1005030652"
1005059581,Kontroler operacyjny (K/M),Rojo Sp. z o.o.,Pionki,,,,Office,Umowa o pracę,0,Not required,Junior,Pracuj.pl,"https://www.pracuj.pl/praca/kontroler-operacyjny-k-m-pionki-zakladowa-7,oferta,1005059581"
1005025816,Junior Cost Controller (k/m/x),OPmobility,Gliwice,,,,Office,Umowa zlecenie,0,Not required,Junior,Pracuj.pl,"https://www.pracuj.pl/praca/junior-cost-controller-k-m-x-gliwice-leonarda-da-vinci-10,oferta,1005025816"
1005027890,Młodszy Specjalista / Młodsza Specjalistka ds. Controllingu,Würth Polska Sp. z o.o.,Warszawa,,,,Office,Umowa o pracę,0,Not required,Junior,Pracuj.pl,"https://www.pracuj.pl/praca/mlodszy-specjalista-mlodsza-specjalistka-ds-controllingu-warszawa-posag-7-panien-1,oferta,1005027890"
1005043260,Analityk/-czka Finansowy/-a,JTI Polska sp. z o.o.,Wartkowice,,,,Office,Umowa na zastępstwo,1,Required,Junior,Pracuj.pl,"https://www.pracuj.pl/praca/analityk-czka-finansowy-a-wartkowice-pow-poddebicki,oferta,1005043260"
1005040961,Business Analytics Specialist,LPP S.A.,Gdańsk,,,,Office,Umowa o pracę,1,Required,Junior,Pracuj.pl,"https://www.pracuj.pl/praca/business-analytics-specialist-gdansk-lakowa-39-44,oferta,1005040961"
1005012355,Administrator danych podstawowych SAP (K/M/N),Stadler Polska Sp. z o.o.,Warszawa,,,,Office / Hybrid,Umowa o pracę,,Required,Junior,Pracuj.pl,"https://www.pracuj.pl/praca/administrator-danych-podstawowych-sap-k-m-n-warszawa-zwirki-i-wigury-16,oferta,1005012355"
1005037303,Junior Cost Controller,Praesidiad,Katowice,,,,Hybrid,Umowa o pracę,1,Required,Junior,Pracuj.pl,"https://www.pracuj.pl/praca/junior-cost-controller-katowice,oferta,1005037303"
1005050269,Specjalista ds. Analizy i Optymalizacji Budżetu Inwestycyjnego (k/m),LHH Recruitment Solutions,Dąbrowa Górnicza,,,,Office / Hybrid,Umowa na zastępstwo,0,Not required,Junior,Pracuj.pl,"https://www.pracuj.pl/praca/specjalista-ds-analizy-i-optymalizacji-budzetu-inwestycyjnego-k-m-dabrowa-gornicza,oferta,1005050269"
1005041156,Junior Supply Chain Planning Specialist (f/m),British American Tobacco,Warszawa,,,,Hybrid,Umowa o pracę,0,Not required,Junior,Pracuj.pl,"https://www.pracuj.pl/praca/junior-supply-chain-planning-specialist-f-m-warszawa-krakowiakow-48,oferta,1005041156"
1005044697,Specjalista / Specjalistka ds. Controllingu,ModQ Solutions S.A.,Nowa Biała (pow. płocki),,,,Office,Umowa o pracę,1,Required,Junior,Pracuj.pl,"https://www.pracuj.pl/praca/specjalista-specjalistka-ds-controllingu-nowa-biala-pow-plocki-33,oferta,1005044697"
1005060724,Specjalista / Specjalistka ds. Raportowania postępów prac na budowie,MOSTOSTAL ZABRZE Realizacje Przemysłowe S.A.,Gliwice,,,,Office,Umowa o pracę,0,Not required,Junior,Pracuj.pl,"https://www.pracuj.pl/praca/specjalista-specjalistka-ds-raportowania-postepow-prac-na-budowie-gliwice-stanislawa-dubois-16,oferta,1005060724"
1005065286,Project B2B: Junior Master Data Management Support,Hays Poland,Warszawa,,,,Hybrid,B2B,0,Not required,Junior,Pracuj.pl,"https://www.pracuj.pl/praca/project-b2b-junior-master-data-management-support-warszawa,oferta,1005065286"
1005067726,Junior Research Analyst K/M (nieruchomości komercyjne),Avison Young,Warszawa,,,,Office,Umowa o pracę / umowa zlecenie,0,Not required,Junior,Pracuj.pl,"https://www.pracuj.pl/praca/junior-research-analyst-k-m-nieruchomosci-komercyjne-warszawa-grzybowska-5a,oferta,1005067726"
JJIT:cloudfide-spolka-z-ograniczona-odpowiedzialnoscia-support-junior-power-bi-engineer-warszawa-data,Support / Junior Power BI Engineer,CLOUDFIDE SP. Z O.O.,Cała Polska,,,,Remote,Umowa zlecenie / B2B,0,Not required,Junior,Just Join IT,https://justjoin.it/job-offer/cloudfide-spolka-z-ograniczona-odpowiedzialnoscia-support-junior-power-bi-engineer-warszawa-data
JJIT:anixe-data-quality-assurance-specialist-wroclaw-data,Data Quality Assurance Specialist,Anixe,Wrocław,6000,7500,gross,Hybrid,Umowa o pracę,0,Not required,Junior,Just Join IT,https://justjoin.it/job-offer/anixe-data-quality-assurance-specialist-wroclaw-data
JJIT:modivo-platform-mlodszy-analityk-sql-bi-k-m--warszawa-data,Młodszy Analityk SQL/BI (k/m),MODIVO PLATFORM,Warszawa,,,,Hybrid,Umowa o pracę,1,Required,Junior,Just Join IT,https://justjoin.it/job-offer/modivo-platform-mlodszy-analityk-sql-bi-k-m--warszawa-data
JJIT:itlt-junior-mid-data-analyst-sql--wroclaw-data,Junior / Mid Data Analyst (SQL),ITLT,Wrocław,10920,11760,net_b2b,Hybrid,B2B / Umowa zlecenie,1,Required,Junior,Just Join IT,https://justjoin.it/job-offer/itlt-junior-mid-data-analyst-sql--wroclaw-data
JJIT:jit-team-junior-data-migration-specialist-gdansk-data,Junior Data Migration Specialist,Jit Team,Gdańsk / Łódź,,,,Hybrid,Umowa zlecenie,0,Not required,Junior,Just Join IT,https://justjoin.it/job-offer/jit-team-junior-data-migration-specialist-gdansk-data
JJIT:capco-poland-junior-murex-reporting-data-analyst-she-he-they--warszawa-data,Junior Murex Reporting & Data Analyst,Capco Poland,Warszawa,,,,Hybrid,Umowa o pracę,1,Required,Junior,Just Join IT,https://justjoin.it/job-offer/capco-poland-junior-murex-reporting-data-analyst-she-he-they--warszawa-data
NFJ:junior-it-consultant-it-business-analyst-1dea-remote,Junior IT Consultant / IT Business Analyst,1dea,Cała Polska,9240,12600,net_b2b,Remote,B2B,1,Required,Junior,No Fluff Jobs,https://nofluffjobs.com/pl/job/junior-it-consultant-it-business-analyst-1dea-remote
